id,name,surname,isTeacher,birthDate
ql5cp81tkj0z9ufprkph,David,Valeiro,false,1997-11-19
5s0dy4o02y0giynpli5i,Gustavo,Rana,true,1987-11-19
3a9b1c2d4e5f6g7h8i9j,Ana,García,false,1995-03-22
7k8l9m0n1o2p3q4r5s6,Carlos,Hernández,true,1982-07-10
0t1u2v3w4x5y6z7a8b9,Lucía,Pérez,false,2000-01-05
c1d2e3f4g5h6i7j8k9l,María,López,true,1979-12-30
m2n3o4p5q6r7s8t9u0v,José,Gómez,false,1992-05-14
w3x4y5z6a7b8c9d0e1f,Sofía,Ruiz,true,1988-09-08
g4h5i6j7k8l9m0n1o2p,Andrés,Núñez,false,1999-11-11
q5r6s7t8u9v0w1x2y3z,Elena,Díaz,true,1975-04-02
b6c7d8e9f0g1h2i3j4k,Martín,Castro,false,1994-06-20
z7a8b9c0d1e2f3g4h5i,Paula,Santos,true,1985-02-17
u8v9w0x1y2z3a4b5c6d,Rafael,Morales,false,1990-08-29
e9f0g1h2i3j4k5l6m7n,Isabel,Fernández,true,1978-10-25
r0s1t2u3v4w5x6y7z8a,Fernando,Ortiz,false,1993-03-03
t1u2v3w4x5y6z7a8b9c,Carmen,Ramos,true,1980-12-12
s2t3u4v5w6x7y8z9a0b,Diego,Blanco,false,1996-07-07
o3p4q5r6s7t8u9v0w1x,Valeria,Medina,true,1983-05-21
n4o5p6q7r8s9t0u1v2w,Adrián,Molina,false,1991-01-30
p5q6r7s8t9u0v1w2x3y,Noelia,Suárez,true,1977-09-16
y6z7a8b9c0d1e2f3g4h,Tomás,Gil,false,1998-04-27
f7g8h9i0j1k2l3m4n5o,Laura,Cortes,true,1986-11-02
k8l9m0n1o2p3q4r5s6t,Sergio,Vega,false,1994-02-14
i9j0k1l2m3n4o5p6q7,Verónica,Marín,true,1976-06-06
v0w1x2y3z4a5b6c7d8e,Óscar,Palacios,false,1990-10-10
h1i2j3k4l5m6n7o8p9q,Clara,Reyes,true,1984-03-18
